OFFICE CODE,OFFICE NAME,ADDRESS LINE 1,ADDRESS LINE 2,ADDRESS LINE 3,CITY,STATE,ZIP CODE,PHONE,FAX,MONDAY OPEN TIME,MONDAY CLOSE TIME,TUESDAY OPEN TIME,TUESDAY CLOSE TIME,WEDNESDAY OPEN TIME,WEDNESDAY CLOSE TIME,THURSDAY OPEN TIME,THURSDAY CLOSE TIME,FRIDAY OPEN TIME,FRIDAY CLOSE TIME
672,KEY WEST FL,SOCIAL SECURITY,STE 110,301 SIMONTON ST,KEY WEST,FL,33040,(855) 285-6010,(833) 795-0133,9:00 AM,4:00 PM,9:00 AM,4:00 PM,9:00 AM,4:00 PM,9:00 AM,4:00 PM,9:00 AM,4:00 PM
C28,HARLAN KY,SOCIAL SECURITY,,189 VILLAGE CENTER,HARLAN,KY,40831,(888) 590-2707,(833) 950-3761,9:00 AM,4:00 PM,9:00 AM,4:00 PM,9:00 AM,4:00 PM,9:00 AM,4:00 PM,9:00 AM,4:00 PM
C45,AHOSKIE NC,SOCIAL SECURITY,,1231 1ST ST W,AHOSKIE,NC,27910,(866) 828-3810,(833) 950-3771,9:00 AM,4:00 PM,9:00 AM,4:00 PM,9:00 AM,4:00 PM,9:00 AM,4:00 PM,9:00 AM,4:00 PM
I10,JACKSON HOSPITAL RS,SOCIAL SECURITY,"JMH PARK PLAZA EAST, SUITE T",901 NW 17TH ST,MIAMI,FL,33136,(305) 585-2559,(833) 902-2714,9:00 AM,4:00 PM,9:00 AM,4:00 PM,9:00 AM,4:00 PM,9:00 AM,4:00 PM,9:00 AM,4:00 PM
371,IRONWOOD MI,SOCIAL SECURITY,STE 2,213 S MARQUETTE ST,IRONWOOD,MI,49938,(877) 545-5503,(833) 950-2776,9:00 AM,4:00 PM,9:00 AM,4:00 PM,9:00 AM,4:00 PM,9:00 AM,4:00 PM,9:00 AM,4:00 PM
638,HOUGHTON MI,SOCIAL SECURITY,SUITE 3,902 RAZORBACK DRIVE,HOUGHTON,MI,49931,(888) 577-6370,(833) 902-2686,9:00 AM,4:00 PM,9:00 AM,4:00 PM,9:00 AM,4:00 PM,9:00 AM,4:00 PM,9:00 AM,4:00 PM
C42,CADILLAC MI,SOCIAL SECURITY,,1720 S MITCHELL ST,CADILLAC,MI,49601,(877) 405-0485,(833) 950-3693,9:00 AM,4:00 PM,9:00 AM,4:00 PM,9:00 AM,4:00 PM,9:00 AM,4:00 PM,9:00 AM,4:00 PM
848,PLAINVIEW TX,SOCIAL SECURITY,SUITE 100,1601 KERMIT ST,PLAINVIEW,TX,79072,(888) 389-2571,(833) 950-2412,9:00 AM,4:00 PM,9:00 AM,4:00 PM,9:00 AM,4:00 PM,9:00 AM,4:00 PM,9:00 AM,4:00 PM
A05,CARLSBAD NM RS,SOCIAL SECURITY,SUITE D,2302 W PIERCE ST,CARLSBAD,NM,88220,(866) 568-9442,(833) 902-2562,9:00 AM,4:00 PM,9:00 AM,4:00 PM,9:00 AM,4:00 PM,9:00 AM,4:00 PM,9:00 AM,4:00 PM
A12,DEL RIO TX,SOCIAL SECURITY,C/O EAGLE PASS FO,406 S TEXAS DR,EAGLE PASS,TX,78852,(888) 862-4864,(833) 902-2563,9:00 AM,4:00 PM,9:00 AM,4:00 PM,9:00 AM,4:00 PM,CLOSED,CLOSED,CLOSED,CLOSED
B45,OKMULGEE OK,SOCIAL SECURITY,,308 CREEK PLACE,OKMULGEE,OK,74447,(855) 287-4791,(833) 939-1988,9:00 AM,4:00 PM,9:00 AM,4:00 PM,9:00 AM,4:00 PM,9:00 AM,4:00 PM,9:00 AM,4:00 PM
D65,DERIDDER LA,SOCIAL SECURITY,,807 SOUTH PINE ST,DE RIDDER,LA,70634,(877) 616-2524,(833) 939-2017,9:00 AM,4:00 PM,9:00 AM,4:00 PM,9:00 AM,4:00 PM,9:00 AM,4:00 PM,9:00 AM,4:00 PM
I20,MOUNTAIN HOME AR,SOCIAL SECURITY,SUITE 2,955 WALLACE KNOB RD,MOUNTAIN HOME,AR,72653,(888) 226-3232,(833) 950-2388,9:00 AM,4:00 PM,9:00 AM,4:00 PM,9:00 AM,4:00 PM,9:00 AM,4:00 PM,9:00 AM,4:00 PM
I22,MOUNT PLEASANT TX,SOCIAL SECURITY,,2304 W FERGUSON RD,MOUNT PLEASANT,TX,75455,(877) 701-2138,(833) 950-2389,9:00 AM,4:00 PM,9:00 AM,4:00 PM,9:00 AM,4:00 PM,9:00 AM,4:00 PM,9:00 AM,4:00 PM
I32,CHINLE AZ,SOCIAL SECURITY,TSEYI SHOPPING CENTER,HWY 191 BAY E AND F,CHINLE,AZ,86503,(877) 405-0476,(833) 950-2390,9:00 AM,4:00 PM,9:00 AM,4:00 PM,9:00 AM,4:00 PM,9:00 AM,4:00 PM,9:00 AM,4:00 PM
I35,TUBA CITY AZ,SOCIAL SECURITY,,1010 MAIN ST,TUBA CITY,AZ,86045,(888) 810-7609,(833) 950-2392,9:00 AM,4:00 PM,9:00 AM,4:00 PM,9:00 AM,4:00 PM,9:00 AM,4:00 PM,9:00 AM,4:00 PM
B42,DECORAH IA,SOCIAL SECURITY,SUITE 1,317 WASHINGTON ST,DECORAH,IA,52101,(855) 221-3525,(833) 950-2934,9:00 AM,12:00 PM,9:00 AM,12:00 PM,9:00 AM,12:00 PM,9:00 AM,12:00 PM,9:00 AM,12:00 PM
D16,EMPORIA KS,SOCIAL SECURITY,,3010 W 18TH AVE,EMPORIA,KS,66801,(877) 405-7830,(833) 950-2328,9:00 AM,4:00 PM,9:00 AM,4:00 PM,CLOSED,CLOSED,9:00 AM,4:00 PM,CLOSED,CLOSED
879,ROCK SPRINGS WY,SOCIAL SECURITY,SUITE 131,79 WINSTON DR,ROCK SPRINGS,WY,82901,(855) 881-0211,(833) 515-0423,9:00 AM,12:00 PM,9:00 AM,12:00 PM,9:00 AM,12:00 PM,9:00 AM,12:00 PM,9:00 AM,12:00 PM
886,TRINIDAD CO,SOCIAL SECURITY,,111 WAVERLY AVENUE,TRINIDAD,CO,81082,(866) 755-5009,(833) 612-0154,9:00 AM,12:00 PM,9:00 AM,12:00 PM,9:00 AM,12:00 PM,9:00 AM,12:00 PM,9:00 AM,12:00 PM
892,LA JUNTA CO,SOCIAL SECURITY,,1314 E 3RD ST,LA JUNTA,CO,81050,(888) 221-0429,(833) 912-2332,9:00 AM,12:00 PM,9:00 AM,12:00 PM,9:00 AM,12:00 PM,9:00 AM,12:00 PM,9:00 AM,12:00 PM
D23,JAMESTOWN ND,SOCIAL SECURITY,SUITE 134,300 2ND AVE NE,JAMESTOWN,ND,58401,(855) 848-7938,(833) 950-2900,9:00 AM,4:00 PM,9:00 AM,4:00 PM,9:00 AM,12:00 PM,9:00 AM,4:00 PM,CLOSED,CLOSED
D25,GLENWOOD SPRINGS CO,SOCIAL SECURITY,UNIT 140,120 MIDLAND AVE,GLENWOOD SPRINGS,CO,81601,(866) 220-7898,(833) 950-2904,9:00 AM,12:00 PM,9:00 AM,12:00 PM,9:00 AM,12:00 PM,9:00 AM,12:00 PM,9:00 AM,12:00 PM
D32,DEVILS LAKE ND,SOCIAL SECURITY,STE 1,221 2ND ST NW,DEVILS LAKE,ND,58301,(866) 415-3193,(833) 950-3541,CLOSED,CLOSED,9:00 AM,3:00 PM,9:00 AM,3:00 PM,9:00 AM,3:00 PM,CLOSED,CLOSED
I42,GLASGOW MT,SOCIAL SECURITY,,630 2ND AVE S,GLASGOW,MT,59230,(877) 583-4114,(833) 950-3205,CLOSED,CLOSED,9:00 AM,3:00 PM,9:00 AM,3:00 PM,9:00 AM,3:00 PM,CLOSED,CLOSED
I43,HAVRE MT,SOCIAL SECURITY,SUITE A,123 5TH AVE,HAVRE,MT,59501,(877) 583-4114,(833) 950-3207,CLOSED,CLOSED,9:00 AM,3:00 PM,9:00 AM,3:00 PM,9:00 AM,3:00 PM,CLOSED,CLOSED
I45,PIERRE SD,SOCIAL SECURITY,RM 221 FED BLDG,225 S PIERRE ST,PIERRE,SD,57501,(866) 964-7416,(833) 950-2209,CLOSED,CLOSED,9:00 AM,3:00 PM,9:00 AM,3:00 PM,9:00 AM,3:00 PM,CLOSED,CLOSED
I61,CEDAR CITY UT,SOCIAL SECURITY,STE 102,2069 N MAIN ST,CEDAR CITY,UT,84721,(866) 446-7085,(833) 950-3213,9:00 AM,3:00 PM,9:00 AM,3:00 PM,9:00 AM,12:00 PM,9:00 AM,3:00 PM,CLOSED,CLOSED
I78,RIVERTON WY,SOCIAL SECURITY,,215 BIG BEND AVE,RIVERTON,WY,82501,(866) 331-2198,(833) 950-3215,9:00 AM,12:00 PM,9:00 AM,12:00 PM,CLOSED,CLOSED,CLOSED,CLOSED,9:00 AM,12:00 PM
I79,CODY WY,SOCIAL SECURITY,SUITE 265,1285 SHERIDAN AVE,CODY,WY,82414,(844) 345-3522,(833) 950-3533,CLLOSED,CLLOSED,9:00 AM,12:00 PM,CLOSED,CLOSED,CLOSED,CLOSED,CLOSED,CLOSED
993,LIHUE HI,SOCIAL SECURITY,SUITE 105,4334 RICE STREET,LIHUE,HI,96766,(855) 572-4842,(833) 950-2768,8:30 AM,3:30 PM,8:30 AM,3:30 PM,8:30 AM,3:30 PM,8:30 AM,3:30 PM,8:30 AM,3:30 PM
A02,GLOBE AZ,SOCIAL SECURITY,,1405 E ASH ST,GLOBE,AZ,85501,(877) 405-5471,(833) 950-3029,9:00 AM,4:00 PM,9:00 AM,4:00 PM,9:00 AM,4:00 PM,9:00 AM,4:00 PM,9:00 AM,4:00 PM
A11,SAFFORD AZ,SOCIAL SECURITY,,650 S. 14TH AV,SAFFORD,AZ,85546,(877) 505-4527,(833) 950-3353,9:00 AM,4:00 PM,9:00 AM,4:00 PM,9:00 AM,4:00 PM,9:00 AM,4:00 PM,9:00 AM,4:00 PM
I55,ELKO NV,SOCIAL SECURITY,SUITE 100,350 W.SILVER ST.,ELKO,NV,89801,(866) 854-7647,(833) 940-2011,9:00 AM,4:00 PM,9:00 AM,4:00 PM,CLOSED,CLOSED,9:00 AM,12:00 PM,9:00 AM,4:00 PM
A42,PORT ANGELES WA,SOCIAL SECURITY,RM 113 FEDERAL BLDG,138 W FIRST STREET,PORT ANGELES,WA,98362,(877) 309-1113,(833) 950-3226,9:00 AM,4:00 PM,9:00 AM,4:00 PM,9:00 AM,4:00 PM,9:00 AM,4:00 PM,9:00 AM,4:00 PM
EBM,ALASKA SATELLITE OFFICE,SOCIAL SECURITY - ASO,"2ND FLOOR, STE M20",1701 S COMMONS,FEDERAL WAY,WA,98003,(855) 602-5001,(833) 780-0345,9:00 AM,4:00 PM,9:00 AM,4:00 PM,9:00 AM,4:00 PM,9:00 AM,4:00 PM,9:00 AM,4:00 PM
